{"cameraMode":{"drawMode":0,"name":"Shaded","section":"Shading Mode"},"sceneLighting":false,"audioPlay":false,"sceneViewState":{"m_AlwaysRefresh":false,"showFog":true,"showSkybox":false,"showFlares":true,"showImageEffects":true,"showParticleSystems":true,"showVisualEffectGraphs":true,"m_FxEnabled":true},"in2DMode":false,"pivot":{"x":-15.500909805297852,"y":-0.8485603332519531,"z":2.5541086196899416},"rotation":{"x":-0.18736514449119569,"y":-0.5387901663780212,"z":0.12434212863445282,"w":-0.8118727207183838},"size":0.17320525646209718,"orthographic":false}