{"cameraMode":{"drawMode":0,"name":"Shaded","section":"Shading Mode"},"sceneLighting":false,"audioPlay":false,"sceneViewState":{"m_AlwaysRefresh":false,"showFog":true,"showSkybox":false,"showFlares":true,"showImageEffects":true,"showParticleSystems":true,"showVisualEffectGraphs":true,"m_FxEnabled":true},"in2DMode":false,"pivot":{"x":-1.4258617162704468,"y":0.5399861335754395,"z":-10.67869758605957},"rotation":{"x":-0.004507648292928934,"y":0.8969751000404358,"z":-0.4419611692428589,"w":-0.00914863683283329},"size":0.8660253882408142,"orthographic":false}