{"cameraMode":{"drawMode":0,"name":"Shaded","section":"Shading Mode"},"sceneLighting":false,"audioPlay":false,"sceneViewState":{"m_AlwaysRefresh":false,"showFog":true,"showSkybox":false,"showFlares":true,"showImageEffects":true,"showParticleSystems":true,"showVisualEffectGraphs":true,"m_FxEnabled":true},"in2DMode":false,"pivot":{"x":2.825299024581909,"y":4.223082542419434,"z":5.107251167297363},"rotation":{"x":0.004760527517646551,"y":0.8590506911277771,"z":-0.5118041038513184,"w":0.007990192621946335},"size":3.5775654315948488,"orthographic":false}