{"cameraMode":{"drawMode":0,"name":"Shaded","section":"Shading Mode"},"sceneLighting":true,"audioPlay":false,"sceneViewState":{"m_AlwaysRefresh":false,"showFog":true,"showSkybox":true,"showFlares":true,"showImageEffects":true,"showParticleSystems":true,"showVisualEffectGraphs":true,"m_FxEnabled":true},"in2DMode":false,"pivot":{"x":32.266815185546878,"y":-17.114423751831056,"z":7.348778247833252},"rotation":{"x":0.19439995288848878,"y":0.5911781787872315,"z":-0.14957353472709657,"w":0.7683470249176025},"size":24.426118850708009,"orthographic":false}