{"cameraMode":{"drawMode":0,"name":"Shaded","section":"Shading Mode"},"sceneLighting":true,"audioPlay":false,"sceneViewState":{"m_AlwaysRefresh":false,"showFog":true,"showSkybox":true,"showFlares":true,"showImageEffects":true,"showParticleSystems":true,"showVisualEffectGraphs":true,"m_FxEnabled":true},"in2DMode":false,"pivot":{"x":4.718635082244873,"y":0.04775094985961914,"z":-21.768329620361329},"rotation":{"x":0.06717927008867264,"y":0.9314435720443726,"z":-0.22528551518917085,"w":0.2777526080608368},"size":7.750285625457764,"orthographic":false}