{"cameraMode":{"drawMode":0,"name":"Shaded","section":"Shading Mode"},"sceneLighting":true,"audioPlay":false,"sceneViewState":{"m_AlwaysRefresh":false,"showFog":true,"showSkybox":true,"showFlares":true,"showImageEffects":true,"showParticleSystems":true,"showVisualEffectGraphs":true,"m_FxEnabled":true},"in2DMode":false,"pivot":{"x":17.236661911010743,"y":-0.2244739532470703,"z":-30.965486526489259},"rotation":{"x":-0.004507648292928934,"y":0.8969751000404358,"z":-0.4419611692428589,"w":-0.00914863683283329},"size":29.25990104675293,"orthographic":false}