{"cameraMode":{"drawMode":0,"name":"Shaded","section":"Shading Mode"},"sceneLighting":true,"audioPlay":false,"sceneViewState":{"m_AlwaysRefresh":false,"showFog":true,"showSkybox":true,"showFlares":true,"showImageEffects":true,"showParticleSystems":true,"showVisualEffectGraphs":true,"m_FxEnabled":true},"in2DMode":false,"pivot":{"x":31.197721481323243,"y":5.5818328857421879,"z":-15.477338790893555},"rotation":{"x":0.0023576305247843267,"y":0.8711133599281311,"z":-0.49105727672576907,"w":0.004182192496955395},"size":26.57478904724121,"orthographic":false}