{"cameraMode":{"drawMode":0,"name":"Shaded","section":"Shading Mode"},"sceneLighting":true,"audioPlay":false,"sceneViewState":{"m_AlwaysRefresh":false,"showFog":true,"showSkybox":true,"showFlares":true,"showImageEffects":true,"showParticleSystems":true,"showVisualEffectGraphs":true,"m_FxEnabled":true},"in2DMode":false,"pivot":{"x":0.2656938135623932,"y":-8.772439956665039,"z":23.996540069580079},"rotation":{"x":0.21316105127334596,"y":0.0029265645425766708,"z":-0.0006385054439306259,"w":0.9770139455795288},"size":36.53791427612305,"orthographic":false}